Dataset,Wortlaut,Wortlaut Filled
Train,"Die Bundesverfassung1 wird wie folgt geändert:
Art. 80a Landwirtschaftliche Tierhaltung
1 Der Bund schützt die Würde des Tieres in der landwirtschaftlichen Tierhaltung. Die Tierwürde umfasst den Anspruch, nicht in Massentierhaltung zu leben.
2 Massentierhaltung bezeichnet die industrielle Tierhaltung zur möglichst effizienten Gewinnung tierischer Erzeugnisse, bei der das Tierwohl systematisch verletzt wird.
3 Der Bund legt Kriterien insbesondere für eine tierfreundliche Unterbringung und Pflege, den Zugang ins Freie, die Schlachtung und die maximale Gruppengrösse je Stall fest.
4 Er erlässt Vorschriften über die Einfuhr von Tieren und tierischen Erzeugnissen zu Ernährungszwecken, die diesem Artikel Rechnung tragen.
Art. 197 Ziff. 122 12. Übergangsbestimmungen zu Art. 80a (Landwirtschaftliche Tierhaltung)
1 Die Ausführungsbestimmungen zur landwirtschaftlichen Tierhaltung gemäss Artikel 80a können Übergangsfristen von maximal 25 Jahren vorsehen.
2 Die Ausführungsgesetzgebung muss bezüglich Würde des Tiers Anforderungen festlegen, die mindestens den Anforderungen der Bio-Suisse-Richtlinien 20183 entsprechen.
3 Ist die Ausführungsgesetzgebung zu Artikel 80a nach dessen Annahme nicht innert drei Jahren in Kraft getreten, so erlässt der Bundesrat die Ausführungsbestimmungen vorübergehend auf dem Verordnungsweg.
1 SR 101 2 Die endgültige Ziffer dieser Übergangsbestimmungen wird nach der Volksabstimmung von der Bundeskanzlei festgelegt. 3 Richtlinien der Bio Suisse für die Erzeugung, Verarbeitung und den Handel von Knospe-Produkten, Fassung vom 1. Januar 2018, abrufbar unter www.bio-suisse.ch.
","Art. 80 Landwirtschaftliche Tierhaltung
1 Der Bund schützt die Würde des Tieres in der landwirtschaftlichen Tierhaltung. Die Tierwürde umfasst den Anspruch, nicht in Massentierhaltung zu leben.
2 Massentierhaltung bezeichnet die industrielle Tierhaltung zur möglichst effizienten Gewinnung tierischer Erzeugnisse, bei der das Tierwohl systematisch verletzt wird.
3 Der Bund legt Kriterien insbesondere für eine tierfreundliche Unterbringung und Pflege, den Zugang ins Freie, die Schlachtung und die maximale Gruppengrösse je Stall fest.
4 Er erlässt Vorschriften über die Einfuhr von Tieren und tierischen Erzeugnissen zu Ernährungszwecken, die diesem Artikel Rechnung tragen.

Art. 197 12. Übergangsbestimmungen zu Art. 80a (Landwirtschaftliche Tierhaltung)
1 Die Ausführungsbestimmungen zur landwirtschaftlichen Tierhaltung gemäss Artikel 80a können Übergangsfristen von maximal 25 Jahren vorsehen.
2 Die Ausführungsgesetzgebung muss bezüglich Würde des Tiers Anforderungen festlegen, die mindestens den Anforderungen der Bio-Suisse-Richtlinien 2018 entsprechen.
3 Ist die Ausführungsgesetzgebung zu Artikel 80a nach dessen Annahme nicht innert drei Jahren in Kraft getreten, so erlässt der Bundesrat die Ausführungsbestimmungen vorübergehend auf dem Verordnungsweg."
Train,"Die Bundesverfassung1 wird wie folgt geändert:
Art. 80 Abs. 2 Bst. b, 3 und 4
2 Er [der Bund] regelt insbesondere:
b. Aufgehoben
3 Tierversuche und Menschenversuche sind verboten. Tierversuche gelten als Tierquälerei bis hin zum Verbrechen. Dies und alles Nachfolgende gelten sinngemäss für Tier- und Menschenversuche:
a. Erstanwendung ist nur zulässig, wenn sie im umfassenden und überwiegenden Interesse der Betroffenen (Tiere wie Menschen) liegt; die Erstanwendung muss zudem erfolgversprechend sein und kontrolliert und vorsichtig vollzogen werden.
b. Nach Inkrafttreten des Tierversuchsverbotes sind Handel, Einfuhr und Ausfuhr von Produkten aller Branchen und Arten verboten, wenn für sie weiterhin Tierversuche direkt oder indirekt durchgeführt werden; bisherige Produkte bleiben vom Verbot ausgenommen, wenn für sie keinerlei Tierversuche mehr direkt oder indirekt durchgeführt werden.
c. Die Sicherheit für Mensch, Tier und Umwelt muss jederzeit gewährleistet sein; falls dazu bei Neuentwicklungen respektive Neueinfuhren keine amtlich anerkannten tierversuchsfreien Verfahren existieren, gilt ein Zulas-sungsverbot für das Inverkehrbringen respektive ein Verbot der Ausbringung und Freisetzung in der Umwelt.
d. Es muss gewährleistet sein, dass tierversuchsfreie Ersatzansätze mindestens dieselbe staatliche Unterstützung erhalten wie vormals die Tierversuche.
4 Für den Vollzug der Vorschriften sind die Kantone zuständig, soweit das Gesetz ihn nicht dem Bund vorbehält.
Art. 118b Abs. 2 Bst. c und 3
2 Für die Forschung in Biologie und Medizin mit Personen beachtet er [der Bund] folgende Grundsätze:
c. Aufgehoben
3 Forschungsvorhaben müssen den Anforderungen von Artikel 80 Absatz 3 Buchstabe a genügen.
Art. 197 Ziff. 122 12. Übergangsbestimmung zu Art. 80 Abs. 2 Bst. b, 3 und 4 sowie Art. 118b Abs. 2 Bst. c und 3 (Tierversuchsverbot und Menschenversuchsverbot)
Bis zum Inkrafttreten der gesetzlichen Bestimmungen erlässt der Bundesrat innerhalb von zwei Jahren nach Annahme von Artikel 80 Absätze 2 Buchstabe b, 3 und 4 sowie Artikel 118b Absätze 2 Buchstabe c und 3 durch Volk und Stände die erforderlichen Ausführungsbestimmungen.
1 SR 101 2 Die endgültige Ziffer dieser Übergangsbestimmung wird nach der Volksabstimmung von der Bundeskanzlei festgelegt.
","Art. 80
2 Er [der Bund] regelt insbesondere:
b. Aufgehoben
3 Tierversuche und Menschenversuche sind verboten. Tierversuche gelten als Tierquälerei bis hin zum Verbrechen. Dies und alles Nachfolgende gelten sinngemäss für Tier- und Menschenversuche:
a. Erstanwendung ist nur zulässig, wenn sie im umfassenden und überwiegenden Interesse der Betroffenen (Tiere wie Menschen) liegt; die Erstanwendung muss zudem erfolgversprechend sein und kontrolliert und vorsichtig vollzogen werden.
b. Nach Inkrafttreten des Tierversuchsverbotes sind Handel, Einfuhr und Ausfuhr von Produkten aller Branchen und Arten verboten, wenn für sie weiterhin Tierversuche direkt oder indirekt durchgeführt werden; bisherige Produkte bleiben vom Verbot ausgenommen, wenn für sie keinerlei Tierversuche mehr direkt oder indirekt durchgeführt werden.
c. Die Sicherheit für Mensch, Tier und Umwelt muss jederzeit gewährleistet sein; falls dazu bei Neuentwicklungen respektive Neueinfuhren keine amtlich anerkannten tierversuchsfreien Verfahren existieren, gilt ein Zulas-sungsverbot für das Inverkehrbringen respektive ein Verbot der Ausbringung und Freisetzung in der Umwelt.
d. Es muss gewährleistet sein, dass tierversuchsfreie Ersatzansätze mindestens dieselbe staatliche Unterstützung erhalten wie vormals die Tierversuche.
4 Für den Vollzug der Vorschriften sind die Kantone zuständig, soweit das Gesetz ihn nicht dem Bund vorbehält.

Art. 118
2 Für die Forschung in Biologie und Medizin mit Personen beachtet er [der Bund] folgende Grundsätze:
c. Aufgehoben
3 Forschungsvorhaben müssen den Anforderungen von Artikel 80 Absatz 3 Buchstabe a genügen.

Art. 197
12. Übergangsbestimmung zu Art. 80 Abs. 2 Bst. b, 3 und 4 sowie Art. 118b Abs. 2 Bst. c und 3 (Tierversuchsverbot und Menschenversuchsverbot)
Bis zum Inkrafttreten der gesetzlichen Bestimmungen erlässt der Bundesrat innerhalb von zwei Jahren nach Annahme von Artikel 80 Absätze 2 Buchstabe b, 3 und 4 sowie Artikel 118b Absätze 2 Buchstabe c und 3 durch Volk und Stände die erforderlichen Ausführungsbestimmungen."
Train,"Die Bundesverfassung1 wird wie folgt geändert:
Art. 41 Abs. 1 Bst. g
1 Bund und Kantone setzen sich in Ergänzung zu persönlicher Verantwortung und privater Initiative dafür ein, dass:
g. Kinder und Jugendliche in ihrer Entwicklung zu selbstständigen und sozial verantwortlichen Personen gefördert und in ihrer sozialen, kulturellen und politischen Integration unterstützt werden sowie ihre Gesundheit gefördert wird.
Art. 118 Abs. 2 Bst. b
2 Er erlässt Vorschriften über:
b. die Bekämpfung übertragbarer, stark verbreiteter oder bösartiger Krankheiten von Menschen und Tieren; er verbietet namentlich jede Art von Werbung für Tabakprodukte, die Kinder und Jugendliche erreicht;
Art. 197 Ziff. 122 12. Übergangsbestimmung zu Art. 118 Abs. 2 Bst. b (Schutz der Gesundheit)
Die Bundesversammlung verabschiedet die gesetzlichen Ausführungsbestimmungen innert drei Jahren seit Annahme von Artikel 118 Absatz 2 Buchstabe b durch Volk und Stände.
1 SR 101 2 Die endgültige Ziffer dieser Übergangsbestimmung wird nach der Volksabstimmung von der Bundeskanzlei festgelegt.
","Art. 41
1 Bund und Kantone setzen sich in Ergänzung zu persönlicher Verantwortung und privater Initiative dafür ein, dass:
g. Kinder und Jugendliche in ihrer Entwicklung zu selbstständigen und sozial verantwortlichen Personen gefördert und in ihrer sozialen, kulturellen und politischen Integration unterstützt werden sowie ihre Gesundheit gefördert wird.

Art. 118
2 Er erlässt Vorschriften über:
b. die Bekämpfung übertragbarer, stark verbreiteter oder bösartiger Krankheiten von Menschen und Tieren; er verbietet namentlich jede Art von Werbung für Tabakprodukte, die Kinder und Jugendliche erreicht;

Art. 197
12. Übergangsbestimmung zu Art. 118 Abs. 2 Bst. b (Schutz der Gesundheit)
Die Bundesversammlung verabschiedet die gesetzlichen Ausführungsbestimmungen innert drei Jahren seit Annahme von Artikel 118 Absatz 2 Buchstabe b durch Volk und Stände."
Train,"Die Bundesverfassung1 wird wie folgt geändert:
Art. 117c2 Pflege
1 Bund und Kantone anerkennen und fördern die Pflege als wichtigen Bestandteil der Gesundheitsversorgung und sorgen für eine ausreichende, allen zugängliche Pflege von hoher Qualität.
2 Sie stellen sicher, dass eine genügende Anzahl diplomierter Pflegefachpersonen für den zunehmenden Bedarf zur Verfügung steht und dass die in der Pflege tätigen Personen entsprechend ihrer Ausbildung und ihren Kompetenzen eingesetzt werden.
Art. 197 Ziff. 123 12. Übergangsbestimmung zu Art. 117c (Pflege)
1 Der Bund erlässt im Rahmen seiner Zuständigkeiten Ausführungsbestimmungen über:
a. die Festlegung der Pflegeleistungen, die von Pflegefachpersonen zulasten der Sozialversicherungen erbracht werden:
1. in eigener Verantwortung,
2. auf ärztliche Anordnung;
b. die angemessene Abgeltung der Pflegeleistungen;
c. anforderungsgerechte Arbeitsbedingungen für die in der Pflege tätigen Personen;
d. Möglichkeiten der beruflichen Entwicklung von den in der Pflege tätigen Personen.
2 Die Bundesversammlung verabschiedet die gesetzlichen Ausführungsbestimmungen innert vier Jahren seit Annahme von Artikel 117c durch Volk und Stände. Bis zum Inkrafttreten der gesetzlichen Ausführungsbestimmungen trifft der Bundesrat innerhalb von achtzehn Monaten nach Annahme von Artikel 117c durch Volk und Stände wirksame Massnahmen zur Behebung des Mangels an diplomierten Pflegefachpersonen.
1 SR 101 2 Die endgültige Nummer dieses Artikels wird nach der Volksabstimmung von der Bundeskanzlei festgelegt; diese stimmt die Nummerierung ab auf die Bestimmungen der Bundesverfassung, wie sie im Zeitpunkt der Annahme dieses Artikels durch Volk und Stände gelten, und nimmt die nötigen Anpassungen im ganzen Text der Initiative vor. 3 Die endgültige Ziffer dieser Übergangsbestimmung wird nach der Volksabstimmung von der Bundeskanzlei festgelegt.
","Art. 117 Pflege
1 Bund und Kantone anerkennen und fördern die Pflege als wichtigen Bestandteil der Gesundheitsversorgung und sorgen für eine ausreichende, allen zugängliche Pflege von hoher Qualität.
2 Sie stellen sicher, dass eine genügende Anzahl diplomierter Pflegefachpersonen für den zunehmenden Bedarf zur Verfügung steht und dass die in der Pflege tätigen Personen entsprechend ihrer Ausbildung und ihren Kompetenzen eingesetzt werden.

Art. 197 12. Übergangsbestimmung zu Art. 117c (Pflege)
1 Der Bund erlässt im Rahmen seiner Zuständigkeiten Ausführungsbestimmungen über:
a. die Festlegung der Pflegeleistungen, die von Pflegefachpersonen zulasten der Sozialversicherungen erbracht werden:
1. in eigener Verantwortung,
2. auf ärztliche Anordnung;
b. die angemessene Abgeltung der Pflegeleistungen;
c. anforderungsgerechte Arbeitsbedingungen für die in der Pflege tätigen Personen;
d. Möglichkeiten der beruflichen Entwicklung von den in der Pflege tätigen Personen.
2 Die Bundesversammlung verabschiedet die gesetzlichen Ausführungsbestimmungen innert vier Jahren seit Annahme von Artikel 117c durch Volk und Stände. Bis zum Inkrafttreten der gesetzlichen Ausführungsbestimmungen trifft der Bundesrat innerhalb von achtzehn Monaten nach Annahme von Artikel 117c durch Volk und Stände wirksame Massnahmen zur Behebung des Mangels an diplomierten Pflegefachpersonen."
Train,"Die Bundesverfassung1 wird wie folgt geändert:
Art. 145 Amtsdauer
1 Die Mitglieder des Nationalrates und des Bundesrates sowie die Bundeskanzlerin oder der Bundeskanzler werden auf die Dauer von vier Jahren gewählt. Die Amtsdauer der Richterinnen und Richter des Bundesgerichts endet fünf Jahre nach Erreichen des ordentlichen Rentenalters.
2 Die Vereinigte Bundesversammlung kann auf Antrag des Bundesrates mit einer Mehrheit der Stimmenden eine Richterin oder einen Richter des Bundesgerichts abberufen, wenn diese oder dieser:
a. Amtspflichten schwer verletzt hat; oder
b. die Fähigkeit, das Amt auszuüben, auf Dauer verloren hat.
Art. 168 Abs. 1
1 Die Bundesversammlung wählt die Mitglieder des Bundesrates, die Bundeskanzlerin oder den Bundeskanzler sowie den General.
Art. 188a Bestimmung der Richterinnen und Richter des Bundesgerichts
1 Die Richterinnen und Richter des Bundesgerichts werden im Losverfahren bestimmt. Das Losverfahren ist so auszugestalten, dass die Amtssprachen im Bundesgericht angemessen vertreten sind.
2 Die Zulassung zum Losverfahren richtet sich ausschliesslich nach objektiven Kriterien der fachlichen und persönlichen Eignung für das Amt als Richterin oder Richter des Bundesgerichts.
3 Über die Zulassung zum Losverfahren entscheidet eine Fachkommission. Die Mitglieder der Fachkommission werden vom Bundesrat für eine einmalige Amtsdauer von zwölf Jahren gewählt. Sie sind in ihrer Tätigkeit von Behörden und politischen Organisationen unabhängig.
Art. 197 Ziff. 122 12. Übergangsbestimmung zu den Art. 145 (Amtsdauer), 168 Abs. 1 und 188a (Bestimmung der Richterinnen und Richter des Bundesgerichts)
Ordentliche Richterinnen und Richter des Bundesgerichts, die bei Inkrafttreten der Artikel 145, 168 Absatz 1 und 188a im Amt sind, können noch bis zum Ende des Jahres, in dem sie das 68. Altersjahr vollenden, im Amt bleiben.
1 SR 101 2 Die endgültige Ziffer dieser Übergangsbestimmung wird nach der Volksabstimmung von der Bundeskanzlei festgelegt.
","Art. 145 Amtsdauer
1 Die Mitglieder des Nationalrates und des Bundesrates sowie die Bundeskanzlerin oder der Bundeskanzler werden auf die Dauer von vier Jahren gewählt. Die Amtsdauer der Richterinnen und Richter des Bundesgerichts endet fünf Jahre nach Erreichen des ordentlichen Rentenalters.
2 Die Vereinigte Bundesversammlung kann auf Antrag des Bundesrates mit einer Mehrheit der Stimmenden eine Richterin oder einen Richter des Bundesgerichts abberufen, wenn diese oder dieser:
a. Amtspflichten schwer verletzt hat; oder
b. die Fähigkeit, das Amt auszuüben, auf Dauer verloren hat.

Art. 168
1 Die Bundesversammlung wählt die Mitglieder des Bundesrates, die Bundeskanzlerin oder den Bundeskanzler sowie den General.

Art. 188 Bestimmung der Richterinnen und Richter des Bundesgerichts
1 Die Richterinnen und Richter des Bundesgerichts werden im Losverfahren bestimmt. Das Losverfahren ist so auszugestalten, dass die Amtssprachen im Bundesgericht angemessen vertreten sind.
2 Die Zulassung zum Losverfahren richtet sich ausschliesslich nach objektiven Kriterien der fachlichen und persönlichen Eignung für das Amt als Richterin oder Richter des Bundesgerichts.
3 Über die Zulassung zum Losverfahren entscheidet eine Fachkommission. Die Mitglieder der Fachkommission werden vom Bundesrat für eine einmalige Amtsdauer von zwölf Jahren gewählt. Sie sind in ihrer Tätigkeit von Behörden und politischen Organisationen unabhängig.

Art. 197 12. Übergangsbestimmung zu den Art. 145 (Amtsdauer), 168 Abs. 1 und 188a (Bestimmung der Richterinnen und Richter des Bundesgerichts)
Ordentliche Richterinnen und Richter des Bundesgerichts, die bei Inkrafttreten der Artikel 145, 168 Absatz 1 und 188a im Amt sind, können noch bis zum Ende des Jahres, in dem sie das 68. Altersjahr vollenden, im Amt bleiben."
Train,"Die Bundesverfassung1 wird wie folgt geändert:
Art. 127a Besteuerung von Kapitaleinkommen und Arbeitseinkommen
1 Kapitaleinkommensteile über einem durch das Gesetz festgelegten Betrag sind im Umfang von 150 Prozent steuerbar.
2 Der Mehrertrag, der sich aus der Besteuerung der Kapitaleinkommensteile nach Absatz 1 im Umfang von 150 Prozent statt 100 Prozent ergibt, ist für die Ermässigung der Besteuerung von Personen mit tiefen oder mittleren Arbeitseinkommen oder für Transferzahlungen zugunsten der sozialen Wohlfahrt einzusetzen.
3 Das Gesetz regelt die Einzelheiten.
1 SR 101
","Art. 127 Besteuerung von Kapitaleinkommen und Arbeitseinkommen
1 Kapitaleinkommensteile über einem durch das Gesetz festgelegten Betrag sind im Umfang von 150 Prozent steuerbar.
2 Der Mehrertrag, der sich aus der Besteuerung der Kapitaleinkommensteile nach Absatz 1 im Umfang von 150 Prozent statt 100 Prozent ergibt, ist für die Ermässigung der Besteuerung von Personen mit tiefen oder mittleren Arbeitseinkommen oder für Transferzahlungen zugunsten der sozialen Wohlfahrt einzusetzen.
3 Das Gesetz regelt die Einzelheiten."
Train,"Die Bundesverfassung1 wird wie folgt geändert:
Art. 74 Abs. 2bis
2bis Der Einsatz synthetischer Pestizide in der landwirtschaftlichen Produktion, in der Verarbeitung landwirtschaftlicher Erzeugnisse und in der Boden- und Landschaftspflege ist verboten. Die Einfuhr zu gewerblichen Zwecken von Lebensmitteln, die synthetische Pestizide enthalten oder mithilfe solcher hergestellt worden sind, ist verboten.
Art. 197 Ziff. 122 12. Übergangsbestimmungen zu Art. 74 Abs. 2bis
1 Die Ausführungsgesetzgebung zu Artikel 74 Absatz 2bis tritt spätestens zehn Jahre nach dessen Annahme durch Volk und Stände in Kraft.
2 Der Bundesrat erlässt vorübergehend auf dem Verordnungsweg die notwendigen Ausführungsbestimmungen und achtet dabei auf eine schrittweise Umsetzung von Artikel 74 Absatz 2bis.
3 Solange Artikel 74 Absatz 2bis nicht vollständig umgesetzt ist, darf der Bundesrat vorübergehend unverarbeitete Lebensmittel, die synthetische Pestizide enthalten oder mithilfe solcher hergestellt worden sind, nur dann bewilligen, wenn sie zur Abwehr einer gravierenden Bedrohung von Mensch oder Natur unverzichtbar sind, namentlich einer schweren Mangellage oder einer ausserordentlichen Bedrohung von Landwirtschaft, Natur oder Mensch.
1 SR 101 2 Die endgültige Ziffer dieser Übergangsbestimmungen wird nach der Volksabstimmung von der Bundeskanzlei festgelegt.
","Art. 74
2bis Der Einsatz synthetischer Pestizide in der landwirtschaftlichen Produktion, in der Verarbeitung landwirtschaftlicher Erzeugnisse und in der Boden- und Landschaftspflege ist verboten. Die Einfuhr zu gewerblichen Zwecken von Lebensmitteln, die synthetische Pestizide enthalten oder mithilfe solcher hergestellt worden sind, ist verboten.

Art. 197
12. Übergangsbestimmungen zu Art. 74 Abs. 2bis
1 Die Ausführungsgesetzgebung zu Artikel 74 Absatz 2bis tritt spätestens zehn Jahre nach dessen Annahme durch Volk und Stände in Kraft.
2 Der Bundesrat erlässt vorübergehend auf dem Verordnungsweg die notwendigen Ausführungsbestimmungen und achtet dabei auf eine schrittweise Umsetzung von Artikel 74 Absatz 2bis.
3 Solange Artikel 74 Absatz 2bis nicht vollständig umgesetzt ist, darf der Bundesrat vorübergehend unverarbeitete Lebensmittel, die synthetische Pestizide enthalten oder mithilfe solcher hergestellt worden sind, nur dann bewilligen, wenn sie zur Abwehr einer gravierenden Bedrohung von Mensch oder Natur unverzichtbar sind, namentlich einer schweren Mangellage oder einer ausserordentlichen Bedrohung von Landwirtschaft, Natur oder Mensch."
Train,"Die Bundesverfassung1 wird wie folgt geändert:
Art. 104 Abs. 1 Bst. a, 3 Bst. a, e und g sowie 4
1 Der Bund sorgt dafür, dass die Landwirtschaft durch eine nachhaltige und auf den Markt ausgerichtete Produktion einen wesentlichen Beitrag leistet zur:
a. sicheren Versorgung der Bevölkerung mit gesunden Lebensmitteln und sauberem Trinkwasser;
3 Er richtet die Massnahmen so aus, dass die Landwirtschaft ihre multifunktionalen Aufgaben erfüllt. Er hat insbesondere folgende Befugnisse und Aufgaben:
a. Er ergänzt das bäuerliche Einkommen durch Direktzahlungen zur Erzielung eines angemessenen Entgelts für die erbrachten Leistungen, unter der Voraussetzung eines ökologischen Leistungsnachweises, der die Erhaltung der Biodiversität, eine pestizidfreie Produktion und einen Tierbestand, der mit dem auf dem Betrieb produzierten Futter ernährt werden kann, umfasst.
e. Er kann die landwirtschaftliche Forschung, Beratung und Ausbildung fördern und Investitionshilfen leisten, sofern damit die Landwirtschaft im Hinblick auf die Buchstaben a und g sowie auf Absatz 1 unterstützt wird.
g. Er schliesst Landwirtschaftsbetriebe von Direktzahlungen aus, die Antibiotika in der Tierhaltung prophylaktisch einsetzen oder deren Produktionssystem einen regelmässigen Einsatz von Antibiotika nötig macht.
4 Er setzt dafür zweckgebundene Mittel aus dem Bereich der Landwirtschaft und allgemeine Bundesmittel ein, überwacht den Vollzug der Vorschriften sowie die erzielten Wirkungen und informiert die Öffentlichkeit regelmässig über die Ergebnisse dieser Überwachung.
Art. 197 Ziff. 122 12. Übergangsbestimmung zu Art. 104 Abs. 1 Bst. a, 3 Bst. a, e und g sowie 4
Nach Annahme von Artikel 104 Absätze 1 Buchstabe a, 3 Buchstaben a, e und g sowie 4 durch Volk und Stände gilt eine Übergangsfrist von acht Jahren.
1 SR 101 2 Die endgültige Ziffer dieser Übergangsbestimmung wird nach der Volksabstimmung von der Bundeskanzlei festgelegt.
","Art. 104
1 Der Bund sorgt dafür, dass die Landwirtschaft durch eine nachhaltige und auf den Markt ausgerichtete Produktion einen wesentlichen Beitrag leistet zur:
a. sicheren Versorgung der Bevölkerung mit gesunden Lebensmitteln und sauberem Trinkwasser;
3 Er richtet die Massnahmen so aus, dass die Landwirtschaft ihre multifunktionalen Aufgaben erfüllt. Er hat insbesondere folgende Befugnisse und Aufgaben:
a. Er ergänzt das bäuerliche Einkommen durch Direktzahlungen zur Erzielung eines angemessenen Entgelts für die erbrachten Leistungen, unter der Voraussetzung eines ökologischen Leistungsnachweises, der die Erhaltung der Biodiversität, eine pestizidfreie Produktion und einen Tierbestand, der mit dem auf dem Betrieb produzierten Futter ernährt werden kann, umfasst.
e. Er kann die landwirtschaftliche Forschung, Beratung und Ausbildung fördern und Investitionshilfen leisten, sofern damit die Landwirtschaft im Hinblick auf die Buchstaben a und g sowie auf Absatz 1 unterstützt wird.
g. Er schliesst Landwirtschaftsbetriebe von Direktzahlungen aus, die Antibiotika in der Tierhaltung prophylaktisch einsetzen oder deren Produktionssystem einen regelmässigen Einsatz von Antibiotika nötig macht.
4 Er setzt dafür zweckgebundene Mittel aus dem Bereich der Landwirtschaft und allgemeine Bundesmittel ein, überwacht den Vollzug der Vorschriften sowie die erzielten Wirkungen und informiert die Öffentlichkeit regelmässig über die Ergebnisse dieser Überwachung.

Art. 197
12. Übergangsbestimmung zu Art. 104 Abs. 1 Bst. a, 3 Bst. a, e und g sowie 4
Nach Annahme von Artikel 104 Absätze 1 Buchstabe a, 3 Buchstaben a, e und g sowie 4 durch Volk und Stände gilt eine Übergangsfrist von acht Jahren."
Train,"Die Bundesverfassung1 wird wie folgt geändert:
Art. 10a Verbot der Verhüllung des eigenen Gesichts
1 Niemand darf sein Gesicht im öffentlichen Raum und an Orten verhüllen, die öffentlich zugänglich sind oder an denen grundsätzlich von jedermann beanspruchbare Dienstleistungen angeboten werden; das Verbot gilt nicht für Sakralstätten.
2 Niemand darf eine Person zwingen, ihr Gesicht aufgrund ihres Geschlechts zu verhüllen.
3 Das Gesetz sieht Ausnahmen vor. Diese umfassen ausschliesslich Gründe der Gesundheit, der Sicherheit, der klimatischen Bedingungen und des einheimischen Brauchtums.
Art. 197 Ziff. 122 12. Übergangsbestimmung zu Art. 10a (Verbot der Verhüllung des eigenen Gesichts)
Die Ausführungsgesetzgebung zu Artikel 10a ist innert zweier Jahre nach dessen Annahme durch Volk und Stände zu erarbeiten.
1 SR 101 2 Die endgültige Ziffer dieser Übergangsbestimmung wird nach der Volksabstimmung von der Bundeskanzlei festgelegt.
","Art. 10 Verbot der Verhüllung des eigenen Gesichts
1 Niemand darf sein Gesicht im öffentlichen Raum und an Orten verhüllen, die öffentlich zugänglich sind oder an denen grundsätzlich von jedermann beanspruchbare Dienstleistungen angeboten werden; das Verbot gilt nicht für Sakralstätten.
2 Niemand darf eine Person zwingen, ihr Gesicht aufgrund ihres Geschlechts zu verhüllen.
3 Das Gesetz sieht Ausnahmen vor. Diese umfassen ausschliesslich Gründe der Gesundheit, der Sicherheit, der klimatischen Bedingungen und des einheimischen Brauchtums.

Art. 197 12. Übergangsbestimmung zu Art. 10a (Verbot der Verhüllung des eigenen Gesichts)
Die Ausführungsgesetzgebung zu Artikel 10a ist innert zweier Jahre nach dessen Annahme durch Volk und Stände zu erarbeiten."
Train,"Die Bundesverfassung1 wird wie folgt geändert:
Art. 101a Verantwortung von Unternehmen
1 Der Bund trifft Massnahmen zur Stärkung der Respektierung der Menschenrechte und der Umwelt durch die Wirtschaft.
2 Das Gesetz regelt die Pflichten der Unternehmen mit satzungsmässigem Sitz, Hauptverwaltung oder Hauptniederlassung in der Schweiz nach folgenden Grundsätzen:
a. Die Unternehmen haben auch im Ausland die international anerkannten Menschenrechte sowie die internationalen Umweltstandards zu respektieren; sie haben dafür zu sorgen, dass die international anerkannten Menschenrechte und die internationalen Umweltstandards auch von den durch sie kontrollierten Unternehmen respektiert werden; ob ein Unternehmen ein anderes kontrolliert, bestimmt sich nach den tatsächlichen Verhältnissen; eine Kontrolle kann faktisch auch durch wirtschaftliche Machtausübung erfolgen;
b. Die Unternehmen sind zu einer angemessenen Sorgfaltsprüfung verpflichtet; sie sind namentlich verpflichtet, die tatsächlichen und potenziellen Auswirkungen auf die international anerkannten Menschenrechte und die Umwelt zu ermitteln, geeignete Massnahmen zur Verhütung von Verletzungen international anerkannter Menschenrechte und internationaler Umweltstandards zu ergreifen, bestehende Verletzungen zu beenden und Rechenschaft über ergriffene Massnahmen abzulegen; diese Pflichten gelten in Bezug auf kontrollierte Unternehmen sowie auf sämtliche Geschäftsbeziehungen; der Umfang dieser Sorgfaltsprüfungen ist abhängig von den Risiken in den Bereichen Menschenrechte und Umwelt; bei der Regelung der Sorgfaltsprüfungspflicht nimmt der Gesetzgeber Rücksicht auf die Bedürfnisse kleiner und mittlerer Unternehmen, die geringe derartige Risiken aufweisen;
c. Die Unternehmen haften auch für den Schaden, den durch sie kontrollierte Unternehmen aufgrund der Verletzung von international anerkannten Menschenrechten oder internationalen Umweltstandards in Ausübung ihrer geschäftlichen Verrichtung verursacht haben; sie haften dann nicht nach dieser Bestimmung, wenn sie beweisen, dass sie alle gebotene Sorgfalt gemäss Buchstabe b angewendet haben, um den Schaden zu verhüten, oder dass der Schaden auch bei Anwendung dieser Sorgfalt eingetreten wäre;
d. Die gestützt auf die Grundsätze nach den Buchstaben a–c erlassenen Bestimmungen gelten unabhängig vom durch das internationale Privatrecht bezeichneten Recht.
1 SR 101
","Art. 101 Verantwortung von Unternehmen
1 Der Bund trifft Massnahmen zur Stärkung der Respektierung der Menschenrechte und der Umwelt durch die Wirtschaft.
2 Das Gesetz regelt die Pflichten der Unternehmen mit satzungsmässigem Sitz, Hauptverwaltung oder Hauptniederlassung in der Schweiz nach folgenden Grundsätzen:
a. Die Unternehmen haben auch im Ausland die international anerkannten Menschenrechte sowie die internationalen Umweltstandards zu respektieren; sie haben dafür zu sorgen, dass die international anerkannten Menschenrechte und die internationalen Umweltstandards auch von den durch sie kontrollierten Unternehmen respektiert werden; ob ein Unternehmen ein anderes kontrolliert, bestimmt sich nach den tatsächlichen Verhältnissen; eine Kontrolle kann faktisch auch durch wirtschaftliche Machtausübung erfolgen;
b. Die Unternehmen sind zu einer angemessenen Sorgfaltsprüfung verpflichtet; sie sind namentlich verpflichtet, die tatsächlichen und potenziellen Auswirkungen auf die international anerkannten Menschenrechte und die Umwelt zu ermitteln, geeignete Massnahmen zur Verhütung von Verletzungen international anerkannter Menschenrechte und internationaler Umweltstandards zu ergreifen, bestehende Verletzungen zu beenden und Rechenschaft über ergriffene Massnahmen abzulegen; diese Pflichten gelten in Bezug auf kontrollierte Unternehmen sowie auf sämtliche Geschäftsbeziehungen; der Umfang dieser Sorgfaltsprüfungen ist abhängig von den Risiken in den Bereichen Menschenrechte und Umwelt; bei der Regelung der Sorgfaltsprüfungspflicht nimmt der Gesetzgeber Rücksicht auf die Bedürfnisse kleiner und mittlerer Unternehmen, die geringe derartige Risiken aufweisen;
c. Die Unternehmen haften auch für den Schaden, den durch sie kontrollierte Unternehmen aufgrund der Verletzung von international anerkannten Menschenrechten oder internationalen Umweltstandards in Ausübung ihrer geschäftlichen Verrichtung verursacht haben; sie haften dann nicht nach dieser Bestimmung, wenn sie beweisen, dass sie alle gebotene Sorgfalt gemäss Buchstabe b angewendet haben, um den Schaden zu verhüten, oder dass der Schaden auch bei Anwendung dieser Sorgfalt eingetreten wäre;
d. Die gestützt auf die Grundsätze nach den Buchstaben a–c erlassenen Bestimmungen gelten unabhängig vom durch das internationale Privatrecht bezeichneten Recht."
Train,"Die Bundesverfassung1 wird wie folgt geändert:
Art. 107a Verbot der Finanzierung von Kriegsmaterialproduzenten
1 Der Schweizerischen Nationalbank, Stiftungen sowie Einrichtungen der staatlichen und beruflichen Vorsorge ist die Finanzierung von Kriegsmaterialproduzenten untersagt.
2 Als Kriegsmaterialproduzenten gelten Unternehmen, die mehr als fünf Prozent ihres Jahresumsatzes mit der Herstellung von Kriegsmaterial erzielen. Davon ausgenommen sind Geräte zur humanitären Entminung sowie Jagd- und Sportwaffen und deren zugehörige Munition.
3 Als Finanzierung von Kriegsmaterialproduzenten gelten:
a. die Gewährung von Krediten, Darlehen und Schenkungen oder vergleichbaren finanziellen Vorteilen an Kriegsmaterialproduzenten;
b. die Beteiligung an Kriegsmaterialproduzenten und der Erwerb von Wertschriften, die durch Kriegsmaterialproduzenten ausgegeben werden;
c. der Erwerb von Anteilen an Finanzprodukten, wie kollektiven Kapitalanlagen oder strukturierten Produkten, wenn diese Finanzprodukte Anlageprodukte im Sinne von Buchstabe b enthalten.
4 Der Bund setzt sich auf nationaler und internationaler Ebene dafür ein, dass für Banken und Versicherungen entsprechende Bedingungen gelten.
Art. 197 Ziff. 122 12. Übergangsbestimmung zu Art. 107a (Verbot der Finanzierung von Kriegsmaterialproduzenten)
1 Treten innerhalb von vier Jahren nach Annahme von Artikel 107a durch Volk und Stände die entsprechenden gesetzlichen Bestimmungen nicht in Kraft, so erlässt der Bundesrat die nötigen Ausführungsbestimmungen auf dem Verordnungsweg; diese gelten bis zum Inkrafttreten der gesetzlichen Bestimmungen.
2 Nach Annahme von Artikel 107a durch Volk und Stände dürfen keine neuen Finanzierungen gemäss Artikel 107a mehr getätigt werden. Bestehende Finanzierungen müssen innerhalb von vier Jahren abgestossen werden.
1 SR 101 2 Die endgültige Ziffer dieser Übergangsbestimmung wird nach der Volksabstimmung von der Bundeskanzlei festgelegt.
","Art. 107 Verbot der Finanzierung von Kriegsmaterialproduzenten
1 Der Schweizerischen Nationalbank, Stiftungen sowie Einrichtungen der staatlichen und beruflichen Vorsorge ist die Finanzierung von Kriegsmaterialproduzenten untersagt.
2 Als Kriegsmaterialproduzenten gelten Unternehmen, die mehr als fünf Prozent ihres Jahresumsatzes mit der Herstellung von Kriegsmaterial erzielen. Davon ausgenommen sind Geräte zur humanitären Entminung sowie Jagd- und Sportwaffen und deren zugehörige Munition.
3 Als Finanzierung von Kriegsmaterialproduzenten gelten:
a. die Gewährung von Krediten, Darlehen und Schenkungen oder vergleichbaren finanziellen Vorteilen an Kriegsmaterialproduzenten;
b. die Beteiligung an Kriegsmaterialproduzenten und der Erwerb von Wertschriften, die durch Kriegsmaterialproduzenten ausgegeben werden;
c. der Erwerb von Anteilen an Finanzprodukten, wie kollektiven Kapitalanlagen oder strukturierten Produkten, wenn diese Finanzprodukte Anlageprodukte im Sinne von Buchstabe b enthalten.
4 Der Bund setzt sich auf nationaler und internationaler Ebene dafür ein, dass für Banken und Versicherungen entsprechende Bedingungen gelten.

Art. 197 12. Übergangsbestimmung zu Art. 107a (Verbot der Finanzierung von Kriegsmaterialproduzenten)
1 Treten innerhalb von vier Jahren nach Annahme von Artikel 107a durch Volk und Stände die entsprechenden gesetzlichen Bestimmungen nicht in Kraft, so erlässt der Bundesrat die nötigen Ausführungsbestimmungen auf dem Verordnungsweg; diese gelten bis zum Inkrafttreten der gesetzlichen Bestimmungen.
2 Nach Annahme von Artikel 107a durch Volk und Stände dürfen keine neuen Finanzierungen gemäss Artikel 107a mehr getätigt werden. Bestehende Finanzierungen müssen innerhalb von vier Jahren abgestossen werden."
Train,"Die Bundesverfassung1 wird wie folgt geändert:
Art. 121b Zuwanderung ohne Personenfreizügigkeit
1 Die Schweiz regelt die Zuwanderung von Ausländerinnen und Ausländern eigenständig.
2 Es dürfen keine neuen völkerrechtlichen Verträge abgeschlossen und keine anderen neuen völkerrechtlichen Verpflichtungen eingegangen werden, welche ausländischen Staatsangehörigen eine Personenfreizügigkeit gewähren.
3 Bestehende völkerrechtliche Verträge und andere völkerrechtliche Verpflichtungen dürfen nicht im Widerspruch zu den Absätzen 1 und 2 angepasst oder erweitert werden.
Art. 197 Ziff. 122 12. Übergangsbestimmungen zu Art. 121b (Zuwanderung ohne Personenfreizügigkeit)
1 Auf dem Verhandlungsweg ist anzustreben, dass das Abkommen vom 21. Juni 19993 zwischen der Schweizerischen Eidgenossenschaft einerseits und der Europäischen Gemeinschaft und ihren Mitgliedstaaten andererseits über die Freizügigkeit innerhalb von zwölf Monaten nach Annahme von Artikel 121b durch Volk und Stände ausser Kraft ist.
2 Gelingt dies nicht, so kündigt der Bundesrat das Abkommen nach Absatz 1 innert weiteren 30 Tagen.
1 SR 101 2 Die endgültige Ziffer dieser Übergangsbestimmungen wird nach der Volksabstimmung von der Bundeskanzlei festgelegt. 3 SR 0.142.112.681; AS 2002 1529
","Art. 121 Zuwanderung ohne Personenfreizügigkeit
1 Die Schweiz regelt die Zuwanderung von Ausländerinnen und Ausländern eigenständig.
2 Es dürfen keine neuen völkerrechtlichen Verträge abgeschlossen und keine anderen neuen völkerrechtlichen Verpflichtungen eingegangen werden, welche ausländischen Staatsangehörigen eine Personenfreizügigkeit gewähren.
3 Bestehende völkerrechtliche Verträge und andere völkerrechtliche Verpflichtungen dürfen nicht im Widerspruch zu den Absätzen 1 und 2 angepasst oder erweitert werden.

Art. 197
12. Übergangsbestimmungen zu Art. 121b (Zuwanderung ohne Personenfreizügigkeit)
1 Auf dem Verhandlungsweg ist anzustreben, dass das Abkommen vom 21. Juni 1999 zwischen der Schweizerischen Eidgenossenschaft einerseits und der Europäischen Gemeinschaft und ihren Mitgliedstaaten andererseits über die Freizügigkeit innerhalb von zwölf Monaten nach Annahme von Artikel 121b durch Volk und Stände ausser Kraft ist.
2 Gelingt dies nicht, so kündigt der Bundesrat das Abkommen nach Absatz 1 innert weiteren 30 Tagen."
Train,"Die Bundesverfassung1 wird wie folgt geändert:
Art. 108 Abs. 1 und 5–8
1 Der Bund fördert in Zusammenarbeit mit den Kantonen das Angebot an preisgünstigen Mietwohnungen. Er fördert den Erwerb von Wohnungs- und Hauseigentum, das dem Eigenbedarf Privater dient, sowie die Tätigkeit von Trägern und Organisationen des gemeinnützigen Wohnungsbaus.
5 Er stellt sicher, dass Programme der öffentlichen Hand zur Förderung von Sanierungen nicht zum Verlust von preisgünstigen Mietwohnungen führen.
6 Er strebt in Zusammenarbeit mit den Kantonen eine stetige Erhöhung des Anteils der Wohnungen im Eigentum von Trägern des gemeinnützigen Wohnungsbaus am Gesamtwohnungsbestand an. Er sorgt in Zusammenarbeit mit den Kantonen dafür, dass gesamtschweizerisch mindestens 10 Prozent der neu gebauten Wohnungen im Eigentum dieser Träger sind.
7 Er ermächtigt die Kantone und die Gemeinden, zur Förderung des gemeinnützigen Wohnungsbaus für sich ein Vorkaufsrecht für geeignete Grundstücke einzuführen. Zudem räumt er ihnen beim Verkauf von Grundstücken, die in seinem Eigentum oder jenem bundesnaher Betriebe sind, ein Vorkaufsrecht ein.
8 Das Gesetz legt die Massnahmen fest, die zur Erreichung der Ziele dieses Artikels erforderlich sind.
Art. 197 Ziff. 122 12. Übergangsbestimmung zu Art. 108 Abs. 1 und 5–8 (Wohnbau- und Wohneigentumsförderung)
Ist die Ausführungsgesetzgebung zu Artikel 108 Absätze 1 und 5–8 zwei Jahre nach dessen Annahme durch Volk und Stände noch nicht in Kraft getreten, so erlässt der Bundesrat auf diesen Zeitpunkt hin die Ausführungsbestimmungen vorübergehend auf dem Verordnungsweg.
1 SR 101 2 Die endgültige Ziffer dieser Übergangsbestimmung wird nach der Volksabstimmung von der Bundeskanzlei festgelegt.
","Art. 108
1 Der Bund fördert in Zusammenarbeit mit den Kantonen das Angebot an preisgünstigen Mietwohnungen. Er fördert den Erwerb von Wohnungs- und Hauseigentum, das dem Eigenbedarf Privater dient, sowie die Tätigkeit von Trägern und Organisationen des gemeinnützigen Wohnungsbaus.
5 Er stellt sicher, dass Programme der öffentlichen Hand zur Förderung von Sanierungen nicht zum Verlust von preisgünstigen Mietwohnungen führen.
6 Er strebt in Zusammenarbeit mit den Kantonen eine stetige Erhöhung des Anteils der Wohnungen im Eigentum von Trägern des gemeinnützigen Wohnungsbaus am Gesamtwohnungsbestand an. Er sorgt in Zusammenarbeit mit den Kantonen dafür, dass gesamtschweizerisch mindestens 10 Prozent der neu gebauten Wohnungen im Eigentum dieser Träger sind.
7 Er ermächtigt die Kantone und die Gemeinden, zur Förderung des gemeinnützigen Wohnungsbaus für sich ein Vorkaufsrecht für geeignete Grundstücke einzuführen. Zudem räumt er ihnen beim Verkauf von Grundstücken, die in seinem Eigentum oder jenem bundesnaher Betriebe sind, ein Vorkaufsrecht ein.
8 Das Gesetz legt die Massnahmen fest, die zur Erreichung der Ziele dieses Artikels erforderlich sind.

Art. 197
12. Übergangsbestimmung zu Art. 108 Abs. 1 und 5–8 (Wohnbau- und Wohneigentumsförderung)
Ist die Ausführungsgesetzgebung zu Artikel 108 Absätze 1 und 5–8 zwei Jahre nach dessen Annahme durch Volk und Stände noch nicht in Kraft getreten, so erlässt der Bundesrat auf diesen Zeitpunkt hin die Ausführungsbestimmungen vorübergehend auf dem Verordnungsweg."
Train,"Die Bundesverfassung1 wird wie folgt geändert:
Art. 75 Abs. 4–7
4 Bund, Kantone und Gemeinden sorgen im Rahmen ihrer Zuständigkeiten für günstige Rahmenbedingungen für nachhaltige Formen des Wohnens und Arbeitens in kleinräumigen Strukturen mit hoher Lebensqualität und kurzen Verkehrswegen (nachhaltige Quartiere).
5 Anzustreben ist eine Siedlungsentwicklung nach innen, die im Einklang steht mit hoher Lebensqualität und besonderen Schutzbestim­mungen.
6 Die Ausscheidung neuer Bauzonen ist nur zulässig, wenn eine andere unversiegelte Fläche von mindestens gleicher Grösse und vergleichbarem potenziellem landwirtschaftlichem Ertragswert aus der Bauzone ausgezont wird.
7 Ausserhalb der Bauzone dürfen ausschliesslich standortgebundene Bauten und Anlagen für die bodenabhängige Landwirtschaft oder standortgebundene Bauten von öffentlichem Interesse bewilligt werden. Das Gesetz kann Ausnahmen vorsehen. Bestehende Bauten geniessen Bestandesgarantie und können geringfügig erweitert und geringfügig umgenutzt werden.

1            SR 101
","Art. 75
4 Bund, Kantone und Gemeinden sorgen im Rahmen ihrer Zuständigkeiten für günstige Rahmenbedingungen für nachhaltige Formen des Wohnens und Arbeitens in kleinräumigen Strukturen mit hoher Lebensqualität und kurzen Verkehrswegen (nachhaltige Quartiere).
5 Anzustreben ist eine Siedlungsentwicklung nach innen, die im Einklang steht mit hoher Lebensqualität und besonderen Schutzbestim­mungen.
6 Die Ausscheidung neuer Bauzonen ist nur zulässig, wenn eine andere unversiegelte Fläche von mindestens gleicher Grösse und vergleichbarem potenziellem landwirtschaftlichem Ertragswert aus der Bauzone ausgezont wird.
7 Ausserhalb der Bauzone dürfen ausschliesslich standortgebundene Bauten und Anlagen für die bodenabhängige Landwirtschaft oder standortgebundene Bauten von öffentlichem Interesse bewilligt werden. Das Gesetz kann Ausnahmen vorsehen. Bestehende Bauten geniessen Bestandesgarantie und können geringfügig erweitert und geringfügig umgenutzt werden."
Train,"Die Bundesverfassung1 wird wie folgt geändert:
Art. 104 Abs. 3 Bst. b
3 Er [der Bund] richtet die Massnahmen so aus, dass die Landwirtschaft ihre multifunktionalen Aufgaben erfüllt. Er hat insbesondere folgende Befugnisse und Aufgaben:
b. Er fördert mit wirtschaftlich lohnenden Anreizen Produktionsformen, die besonders naturnah, umwelt- und tierfreundlich sind; dabei sorgt er insbesondere dafür, dass Halterinnen und Halter von Kühen, Zuchtstieren, Ziegen und Zuchtziegenböcken finanziell unterstützt werden, solange die ausgewachsenen Tiere Hörner tragen.
","Art. 104
3 Er [der Bund] richtet die Massnahmen so aus, dass die Landwirtschaft ihre multifunktionalen Aufgaben erfüllt. Er hat insbesondere folgende Befugnisse und Aufgaben:
b. Er fördert mit wirtschaftlich lohnenden Anreizen Produktionsformen, die besonders naturnah, umwelt- und tierfreundlich sind; dabei sorgt er insbesondere dafür, dass Halterinnen und Halter von Kühen, Zuchtstieren, Ziegen und Zuchtziegenböcken finanziell unterstützt werden, solange die ausgewachsenen Tiere Hörner tragen."
Train,"Die Bundesverfassung1 wird wie folgt geändert:

Art. 5 Abs. 1 und 4
1 Grundlage und Schranke staatlichen Handelns ist das Recht. Die Bundesverfassung ist die oberste Rechtsquelle der Schweizerischen Eidgenossenschaft.
4 Bund und Kantone beachten das Völkerrecht. Die Bundesverfassung steht über dem Völkerrecht und geht ihm vor, unter Vorbehalt der zwingenden Bestimmungen des Völkerrechts.

Art. 56a           Völkerrechtliche Verpflichtungen
1 Bund und Kantone gehen keine völkerrechtlichen Verpflichtungen ein, die der Bundesverfassung widersprechen.
2 Im Fall eines Widerspruchs sorgen sie für eine Anpassung der völkerrechtlichen Verpflichtungen an die Vorgaben der Bundesverfassung, nötigenfalls durch Kündigung der betreffenden völkerrechtlichen Verträge.
3 Vorbehalten bleiben die zwingenden Bestimmungen des Völkerrechts.

Art. 190           Massgebendes Recht
Bundesgesetze und völkerrechtliche Verträge, deren Genehmigungsbeschluss dem Referen­dum unterstanden hat, sind für das Bundesgericht und die anderen rechtsanwendenden Behörden massgebend.

Art.197 Ziff. 122
12. Übergangsbestimmung zu Art. 5 Abs. 1 und 4 (Grundsätze rechtsstaatlichen Handelns), Art. 56a (Völkerrechtliche Verpflichtungen) und Art. 190 (Massgebendes Recht)
Mit ihrer Annahme durch Volk und Stände werden die Artikel 5 Absätze 1 und 4, 56a und 190 auf alle bestehenden und künftigen Bestimmungen der Bundesverfassung und auf alle bestehenden und künftigen völkerrechtlichen Verpflichtungen des Bundes und der Kantone anwendbar.
1  SR 101
2 Die endgültige Ziffer dieser Übergangsbestimmung wird nach der Volksabstimmung von der Bundeskanzlei festgelegt.
","Art. 5
1 Grundlage und Schranke staatlichen Handelns ist das Recht. Die Bundesverfassung ist die oberste Rechtsquelle der Schweizerischen Eidgenossenschaft.
4 Bund und Kantone beachten das Völkerrecht. Die Bundesverfassung steht über dem Völkerrecht und geht ihm vor, unter Vorbehalt der zwingenden Bestimmungen des Völkerrechts.

Art. 56 Völkerrechtliche Verpflichtungen
1 Bund und Kantone gehen keine völkerrechtlichen Verpflichtungen ein, die der Bundesverfassung widersprechen.
2 Im Fall eines Widerspruchs sorgen sie für eine Anpassung der völkerrechtlichen Verpflichtungen an die Vorgaben der Bundesverfassung, nötigenfalls durch Kündigung der betreffenden völkerrechtlichen Verträge.
3 Vorbehalten bleiben die zwingenden Bestimmungen des Völkerrechts.

Art. 190 Massgebendes Recht
Bundesgesetze und völkerrechtliche Verträge, deren Genehmigungsbeschluss dem Referendum unterstanden hat, sind für das Bundesgericht und die anderen rechtsanwendenden Behörden massgebend.

Art. 197
12. Übergangsbestimmung zu Art. 5 Abs. 1 und 4 (Grundsätze rechtsstaatlichen Handelns), Art. 56a (Völkerrechtliche Verpflichtungen) und Art. 190 (Massgebendes Recht)
Mit ihrer Annahme durch Volk und Stände werden die Artikel 5 Absätze 1 und 4, 56a und 190 auf alle bestehenden und künftigen Bestimmungen der Bundesverfassung und auf alle bestehenden und künftigen völkerrechtlichen Verpflichtungen des Bundes und der Kantone anwendbar."
Train,"Die Bundesverfassung1 wird wie folgt geändert:
Art. 88                   Fuss-, Wander- und Velowege
1 Der Bund legt Grundsätze über Fuss- und Wanderwegnetze und über Netze für den Alltags- und Freizeit-Veloverkehr fest.
2 Er fördert und koordiniert Massnahmen der Kantone und Dritter zur Anlage und Erhaltung attraktiver und sicherer Netze und zur Kommunikation über diese; dabei wahrt er die Zuständigkeiten der Kantone.
3 Er nimmt bei der Erfüllung seiner Aufgaben Rücksicht auf solche Netze. Muss er dazugehörende Wege aufheben, so ersetzt er sie.


1            SR 101
","Art. 88 Fuss-, Wander- und Velowege
1 Der Bund legt Grundsätze über Fuss- und Wanderwegnetze und über Netze für den Alltags- und Freizeit-Veloverkehr fest.
2 Er fördert und koordiniert Massnahmen der Kantone und Dritter zur Anlage und Erhaltung attraktiver und sicherer Netze und zur Kommunikation über diese; dabei wahrt er die Zuständigkeiten der Kantone.
3 Er nimmt bei der Erfüllung seiner Aufgaben Rücksicht auf solche Netze. Muss er dazugehörende Wege aufheben, so ersetzt er sie."
Train,"Die Bundesverfassung[1] wird wie folgt geändert:

Art. 104a           Lebensmittel
1 Der Bund stärkt das Angebot an Lebensmitteln, die von guter Qualität und sicher sind und die umwelt- und ressourcenschonend, tierfreundlich und unter fairen Arbeitsbedingungen hergestellt werden. Er legt die Anforderungen an die Produktion und die Verarbeitung fest.
2 Er stellt sicher, dass eingeführte landwirtschaftliche Erzeugnisse, die als Lebensmittel verwendet werden, grundsätzlich mindestens den Anforderungen nach Absatz 1 genügen; für stärker verarbeitete und zusammengesetzte Lebensmittel sowie für Futtermittel strebt er dieses Ziel an. Er begünstigt eingeführte Erzeugnisse aus fairem Handel und bodenbewirtschaftenden bäuerlichen Betrieben.
3 Er sorgt dafür, dass die negativen Auswirkungen des Transports und der Lagerung von Lebens- und Futtermitteln auf Umwelt und Klima reduziert werden.
4 Er hat insbesondere folgende Befugnisse und Aufgaben:
a. Er erlässt Vorschriften zur Zulassung von Lebens- und Futtermitteln und zur Deklaration von deren Produktions- und Verarbeitungsweise.
b. Er kann die Vergabe von Zollkontingenten regeln und Einfuhrzölle abstufen.
c. Er kann verbindliche Zielvereinbarungen mit der Lebensmittelbranche, insbesondere mit Importeuren und dem Detailhandel, abschliessen.
d. Er fördert die Verarbeitung und die Vermarktung regional und saisonal produzierter Lebensmittel.
e. Er trifft Massnahmen zur Eindämmung der Lebensmittelverschwendung.
5 Der Bundesrat legt mittel- und langfristige Ziele fest und erstattet regelmässig Bericht über den Stand der Zielerreichung. Werden diese Ziele nicht erreicht, so trifft er zusätzliche Massnahmen oder verstärkt die bestehenden.
Art. 197 Ziff. 12[2]

12. Übergangsbestimmung zu Artikel 104a (Lebensmittel)
Tritt innert drei Jahren nach Annahme von Artikel 104a durch Volk und Stände kein Ausführungsgesetz in Kraft, so erlässt der Bundesrat die Ausführungsbestimmungen auf dem Verordnungsweg.
[1] SR 101
[2] Die endgültige Ziffer dieser Übergangsbestimmung wird nach der Volksabstimmung von der Bundeskanzlei festgelegt.
","Art. 104 Lebensmittel
1 Der Bund stärkt das Angebot an Lebensmitteln, die von guter Qualität und sicher sind und die umwelt- und ressourcenschonend, tierfreundlich und unter fairen Arbeitsbedingungen hergestellt werden. Er legt die Anforderungen an die Produktion und die Verarbeitung fest.
2 Er stellt sicher, dass eingeführte landwirtschaftliche Erzeugnisse, die als Lebensmittel verwendet werden, grundsätzlich mindestens den Anforderungen nach Absatz 1 genügen; für stärker verarbeitete und zusammengesetzte Lebensmittel sowie für Futtermittel strebt er dieses Ziel an. Er begünstigt eingeführte Erzeugnisse aus fairem Handel und bodenbewirtschaftenden bäuerlichen Betrieben.
3 Er sorgt dafür, dass die negativen Auswirkungen des Transports und der Lagerung von Lebens- und Futtermitteln auf Umwelt und Klima reduziert werden.
4 Er hat insbesondere folgende Befugnisse und Aufgaben:
a. Er erlässt Vorschriften zur Zulassung von Lebens- und Futtermitteln und zur Deklaration von deren Produktions- und Verarbeitungsweise.
b. Er kann die Vergabe von Zollkontingenten regeln und Einfuhrzölle abstufen.
c. Er kann verbindliche Zielvereinbarungen mit der Lebensmittelbranche, insbesondere mit Importeuren und dem Detailhandel, abschliessen.
d. Er fördert die Verarbeitung und die Vermarktung regional und saisonal produzierter Lebensmittel.
e. Er trifft Massnahmen zur Eindämmung der Lebensmittelverschwendung.
5 Der Bundesrat legt mittel- und langfristige Ziele fest und erstattet regelmässig Bericht über den Stand der Zielerreichung. Werden diese Ziele nicht erreicht, so trifft er zusätzliche Massnahmen oder verstärkt die bestehenden.

Art. 197
12. Übergangsbestimmung zu Artikel 104a (Lebensmittel)
Tritt innert drei Jahren nach Annahme von Artikel 104a durch Volk und Stände kein Ausführungsgesetz in Kraft, so erlässt der Bundesrat die Ausführungsbestimmungen auf dem Verordnungsweg."
Train,"Die Bundesverfassung1 wird wie folgt geändert:
Art. 104c2        Ernährungssouveränität
1 Zur Umsetzung der Ernährungssouveränität fördert der Bund eine einheimische bäuerliche Landwirtschaft, die einträglich und vielfältig ist, gesunde Lebensmittel produziert und den gesellschaftlichen und ökologischen Erwartungen der Bevölkerung gerecht wird.
2 Er achtet auf eine Versorgung mit überwiegend einheimischen Lebens- und Futtermitteln und darauf, dass bei deren Produktion die natürlichen Ressourcen geschont werden.
3 Er trifft wirksame Massnahmen mit dem Ziel:
a. die Erhöhung der Zahl der in der Landwirtschaft tätigen Personen und die Strukturvielfalt zu fördern;
b. die Kulturflächen, namentlich die Fruchtfolgeflächen, zu erhalten, und zwar sowohl in Bezug auf ihren Umfang als auch auf ihre Qualität;
c. den Bäuerinnen und Bauern das Recht auf Nutzung, Vermehrung, Austausch und Vermarktung von Saatgut zu gewährleisten.
4 Er verbietet in der Landwirtschaft den Einsatz genetisch veränderter Organismen sowie von Pflanzen und Tieren, die mithilfe von neuen Technologien entstanden sind, mit denen das Genom auf nicht natürliche Weise verändert oder neu zusammengesetzt wird.
5 Er nimmt namentlich folgende Aufgaben wahr:
a. Er unterstützt die Schaffung bäuerlicher Organisationen, die darauf ausgerichtet sind sicherzustellen, dass das Angebot von Seiten der Bäuerinnen und Bauern und die Bedürfnisse der Bevölkerung aufeinander abgestimmt sind.
b. Er gewährleistet die Transparenz auf dem Markt und wirkt darauf hin, dass in allen Produktionszweigen und -ketten gerechte Preise festgelegt werden.
c. Er stärkt den direkten Handel zwischen den Bäuerinnen und Bauern und den Konsumentinnen und Konsumenten sowie die regionalen Verarbeitungs-, Lagerungs- und Vermarktungsstrukturen.
6 Er richtet ein besonderes Augenmerk auf die Arbeitsbedingungen der in der Landwirtschaft Angestellten und achtet darauf, dass diese Bedingungen schweizweit einheitlich sind.
7 Zum Erhalt und zur Förderung der einheimischen Produktion erhebt er Zölle auf der Einfuhr von landwirtschaftlichen Erzeugnissen und Lebensmitteln und reguliert deren Einfuhrmenge.
8 Zur Förderung einer Produktion unter sozialen und ökologischen Bedingungen, die den schweizerischen Normen entsprechen, erhebt er Zölle auf der Einfuhr von landwirtschaftlichen Erzeugnissen und Lebensmitteln, die diesen Normen nicht entsprechen; er kann deren Einfuhr verbieten.
9 Er richtet keinerlei Subventionen aus für die Ausfuhr von landwirtschaftlichen Erzeugnissen und von Lebensmitteln.
10 Er stellt die Information über die Bedingungen für die Produktion und die Verarbeitung von einheimischen und von eingeführten Lebensmitteln und die entsprechende Sensibilisierung sicher. Er kann unabhängig von internationalen Normen eigene Qualitätsnormen festlegen.

Art. 197 Ziff. 123
12. Übergangsbestimmung zu Art. 104c (Ernährungssouveränität)
Der Bundesrat unterbreitet der Bundesversammlung die gesetzlichen Bestimmungen, die für die Umsetzung von Artikel 104c erforderlich sind, spätestens zwei Jahre nach dessen Annahme durch Volk und Stände.

1 SR 101
2 Die endgültige Artikelnummer wird nach der Volksabstimmung von der Bundeskanzlei festgelegt.
3 Die endgültige Ziffer dieser Übergangsbestimmung wird nach der Volksabstimmung von der Bundeskanzlei festgelegt.
","Art. 104 Ernährungssouveränität
1 Zur Umsetzung der Ernährungssouveränität fördert der Bund eine einheimische bäuerliche Landwirtschaft, die einträglich und vielfältig ist, gesunde Lebensmittel produziert und den gesellschaftlichen und ökologischen Erwartungen der Bevölkerung gerecht wird.
2 Er achtet auf eine Versorgung mit überwiegend einheimischen Lebens- und Futtermitteln und darauf, dass bei deren Produktion die natürlichen Ressourcen geschont werden.
3 Er trifft wirksame Massnahmen mit dem Ziel:
a. die Erhöhung der Zahl der in der Landwirtschaft tätigen Personen und die Strukturvielfalt zu fördern;
b. die Kulturflächen, namentlich die Fruchtfolgeflächen, zu erhalten, und zwar sowohl in Bezug auf ihren Umfang als auch auf ihre Qualität;
c. den Bäuerinnen und Bauern das Recht auf Nutzung, Vermehrung, Austausch und Vermarktung von Saatgut zu gewährleisten.
4 Er verbietet in der Landwirtschaft den Einsatz genetisch veränderter Organismen sowie von Pflanzen und Tieren, die mithilfe von neuen Technologien entstanden sind, mit denen das Genom auf nicht natürliche Weise verändert oder neu zusammengesetzt wird.
5 Er nimmt namentlich folgende Aufgaben wahr:
a. Er unterstützt die Schaffung bäuerlicher Organisationen, die darauf ausgerichtet sind sicherzustellen, dass das Angebot von Seiten der Bäuerinnen und Bauern und die Bedürfnisse der Bevölkerung aufeinander abgestimmt sind.
b. Er gewährleistet die Transparenz auf dem Markt und wirkt darauf hin, dass in allen Produktionszweigen und -ketten gerechte Preise festgelegt werden.
c. Er stärkt den direkten Handel zwischen den Bäuerinnen und Bauern und den Konsumentinnen und Konsumenten sowie die regionalen Verarbeitungs-, Lagerungs- und Vermarktungsstrukturen.
6 Er richtet ein besonderes Augenmerk auf die Arbeitsbedingungen der in der Landwirtschaft Angestellten und achtet darauf, dass diese Bedingungen schweizweit einheitlich sind.
7 Zum Erhalt und zur Förderung der einheimischen Produktion erhebt er Zölle auf der Einfuhr von landwirtschaftlichen Erzeugnissen und Lebensmitteln und reguliert deren Einfuhrmenge.
8 Zur Förderung einer Produktion unter sozialen und ökologischen Bedingungen, die den schweizerischen Normen entsprechen, erhebt er Zölle auf der Einfuhr von landwirtschaftlichen Erzeugnissen und Lebensmitteln, die diesen Normen nicht entsprechen; er kann deren Einfuhr verbieten.
9 Er richtet keinerlei Subventionen aus für die Ausfuhr von landwirtschaftlichen Erzeugnissen und von Lebensmitteln.
10 Er stellt die Information über die Bedingungen für die Produktion und die Verarbeitung von einheimischen und von eingeführten Lebensmitteln und die entsprechende Sensibilisierung sicher. Er kann unabhängig von internationalen Normen eigene Qualitätsnormen festlegen.

Art. 197
12. Übergangsbestimmung zu Art. 104c (Ernährungssouveränität)
Der Bundesrat unterbreitet der Bundesversammlung die gesetzlichen Bestimmungen, die für die Umsetzung von Artikel 104c erforderlich sind, spätestens zwei Jahre nach dessen Annahme durch Volk und Stände."
Valid,"Die Bundesverfassung1 wird wie folgt geändert:
Art. 117 Abs. 32
3 Versicherte haben Anspruch auf eine Verbilligung der Krankenversicherungsprämien. Die von den Versicherten zu übernehmenden Prämien betragen höchstens zehn Prozent des verfügbaren Einkommens. Die Prämienverbilligung wird zu mindestens zwei Dritteln durch den Bund und im verbleibenden Betrag durch die Kantone finanziert.
Art. 197 Ziff. 123 12. Übergangsbestimmung zu Art. 117 Abs. 3 (Verbilligung der Krankenversicherungsprämien)
Ist die Ausführungsgesetzgebung zu Artikel 117 Absatz 3 drei Jahre nach dessen Annahme durch Volk und Stände noch nicht in Kraft getreten, so erlässt der Bundesrat auf diesen Zeitpunkt hin die Ausführungsbestimmungen vorübergehend auf dem Verordnungsweg.
1 SR 101 2 Die endgültige Nummerierung dieses Absatzes wird nach der Volksabstimmung von der Bundeskanzlei festgelegt; dabei stimmt diese die Nummerierung ab auf die anderen geltenden Bestimmungen der Bundesverfassung und nimmt, wenn eine Anpassung der Nummerierung nötig ist, diese im ganzen Text der Initiative vor. 3 Die endgültige Ziffer dieser Übergangsbestimmung wird nach der Volksabstimmung von der Bundeskanzlei festgelegt.
","
Art. 117
3 Versicherte haben Anspruch auf eine Verbilligung der Krankenversicherungsprämien. Die von den Versicherten zu übernehmenden Prämien betragen höchstens zehn Prozent des verfügbaren Einkommens. Die Prämienverbilligung wird zu mindestens zwei Dritteln durch den Bund und im verbleibenden Betrag durch die Kantone finanziert.

Art. 197
12. Übergangsbestimmung zu Art. 117 Abs. 3 (Verbilligung der Krankenversicherungsprämien)
Ist die Ausführungsgesetzgebung zu Artikel 117 Absatz 3 drei Jahre nach dessen Annahme durch Volk und Stände noch nicht in Kraft getreten, so erlässt der Bundesrat auf diesen Zeitpunkt hin die Ausführungsbestimmungen vorübergehend auf dem Verordnungsweg.
"
Valid,"Die Bundesverfassung1  wird wie folgt geändert:
Art. 112 Abs. 2 Bst. ater 2 Er [der Bund] beachtet dabei [beim Erlass der Vorschriften über die Alters-, Hinterlassenen- und Invalidenvorsorge] folgende Grundsätze:
ater.  Das Rentenalter ist an die durchschnittliche Lebenserwartung der schweizerischen Wohnbevölkerung im Alter von 65 Jahren gebunden; diese Lebenserwartung am 1. Januar des vierten Jahres nach Inkrafttreten dieser Bestimmung wird als Referenzwert festgesetzt; das Rentenalter entspricht der Differenz zwischen der Lebenserwartung und dem Referenzwert, multipliziert mit dem Faktor 0,8 zuzüglich 66; die Anpassung des Rentenalters erfolgt jährlich in Schritten von höchstens zwei Monaten; das Rentenalter wird den betroffenen Personen fünf Jahre vor Erreichen des Rentenalters bekannt gegeben;
Art. 197 Ziff. 122 
12. Übergangsbestimmung zu Art. 112 Abs. 2 Bst. ater (Rentenalter) 1 Ab dem 1. Januar des vierten Jahres nach Annahme von Artikel 112 Absatz 2 Buchstabe ater wird das Rentenalter für Männer in Schritten von jeweils zwei Monaten pro Jahr erhöht, bis es 66 Jahre beträgt. 2 Ab dem 1. Januar des vierten Jahres nach Annahme von Artikel 112 Absatz 2 Buchstabe ater wird das Rentenalter für Frauen in Schritten von jeweils vier Monaten pro Jahr erhöht, bis es dem Rentenalter für Männer entspricht. Anschliessend wird das Rentenalter für Frauen in Schritten von jeweils zwei Monaten pro Jahr erhöht, bis es 66 Jahre beträgt. 3 Ab dem 1. Januar des vierten Jahres nach Annahme von Artikel 112 Absatz 2 Buchstabe ater wird das Rentenalter an die durchschnittliche Lebenserwartung der schweizerischen Wohnbevölkerung im Alter von 65 Jahren gebunden. 4 Sind die Ausführungsbestimmungen zu Artikel 112 Absatz 2 Buchstabe ater drei Jahre nach dessen Annahme noch nicht in Kraft getreten, erlässt der Bundesrat auf den 1. Januar des vierten auf die Annahme folgenden Jahres die erforderlichen Ausführungsbestimmungen durch Verordnung. Die Verordnung gilt bis zum Inkrafttreten der gesetzlichen Bestimmungen. Der Bundesrat kann in der Verordnung von der Gesetzgebung zur Alters- und Hinterlassenenversicherung abweichen.
1 SR 101 2 Die endgültige Ziffer dieser Übergangsbestimmungen wird nach der Volksabstimmung von der Bundeskanzlei festgelegt.
","""
Art. 112
2 Er [der Bund] beachtet dabei [beim Erlass der Vorschriften über die Alters-, Hinterlassenen- und Invalidenvorsorge] folgende Grundsätze:
ater.  Das Rentenalter ist an die durchschnittliche Lebenserwartung der schweizerischen Wohnbevölkerung im Alter von 65 Jahren gebunden; diese Lebenserwartung am 1. Januar des vierten Jahres nach Inkrafttreten dieser Bestimmung wird als Referenzwert festgesetzt; das Rentenalter entspricht der Differenz zwischen der Lebenserwartung und dem Referenzwert, multipliziert mit dem Faktor 0,8 zuzüglich 66; die Anpassung des Rentenalters erfolgt jährlich in Schritten von höchstens zwei Monaten; das Rentenalter wird den betroffenen Personen fünf Jahre vor Erreichen des Rentenalters bekannt gegeben;
Art. 197
12. Übergangsbestimmung zu Art. 112 Abs. 2 Bst. ater (Rentenalter)
1 Ab dem 1. Januar des vierten Jahres nach Annahme von Artikel 112 Absatz 2 Buchstabe ater wird das Rentenalter für Männer in Schritten von jeweils zwei Monaten pro Jahr erhöht, bis es 66 Jahre beträgt.
2 Ab dem 1. Januar des vierten Jahres nach Annahme von Artikel 112 Absatz 2 Buchstabe ater wird das Rentenalter für Frauen in Schritten von jeweils vier Monaten pro Jahr erhöht, bis es dem Rentenalter für Männer entspricht. Anschliessend wird das Rentenalter für Frauen in Schritten von jeweils zwei Monaten pro Jahr erhöht, bis es 66 Jahre beträgt.
3 Ab dem 1. Januar des vierten Jahres nach Annahme von Artikel 112 Absatz 2 Buchstabe ater wird das Rentenalter an die durchschnittliche Lebenserwartung der schweizerischen Wohnbevölkerung im Alter von 65 Jahren gebunden.
4 Sind die Ausführungsbestimmungen zu Artikel 112 Absatz 2 Buchstabe ater drei Jahre nach dessen Annahme noch nicht in Kraft getreten, erlässt der Bundesrat auf den 1. Januar des vierten auf die Annahme folgenden Jahres die erforderlichen Ausführungsbestimmungen durch Verordnung. Die Verordnung gilt bis zum Inkrafttreten der gesetzlichen Bestimmungen. Der Bundesrat kann in der Verordnung von der Gesetzgebung zur Alters- und Hinterlassenenversicherung abweichen.
"
Valid,"Die Bundesverfassung1 wird wie folgt geändert:
Art. 117 Abs. 3 und 4
3 Er [der Bund] regelt in Zusammenarbeit mit den Kantonen, den Krankenversicherern und den Leistungserbringern die Kostenübernahme durch die obligatorische Krankenpflegeversicherung so, dass sich mit wirksamen Anreizen die Kosten entsprechend der schweizerischen Gesamtwirtschaft und den durchschnittlichen Löhnen entwickeln. Er führt dazu eine Kostenbremse ein.
4 Das Gesetz regelt die Einzelheiten.
Art. 197 Ziff. 122 12. Übergangsbestimmung zu Art. 117 Abs. 3 und 4 (Kranken- und Unfallversicherung)
Liegt die Steigerung der durchschnittlichen Kosten je versicherte Person und Jahr in der obligatorischen Krankenpflegeversicherung zwei Jahre nach Annahme von Artikel 117 Absätze 3 und 4 durch Volk und Stände mehr als ein Fünftel über der Entwicklung der Nominallöhne und haben die Krankenversicherer und die Leistungserbringer (Tarifpartner) bis zu diesem Zeitpunkt keine verbindlichen Massnahmen zur Kostendämpfung festgelegt, so ergreift der Bund in Zusammenarbeit mit den Kantonen Massnahmen zur Kostensenkung, die ab dem nachfolgenden Jahr wirksam werden.
1 SR 101 2 Die endgültige Ziffer dieser Übergangsbestimmung wird nach der Volksabstimmung von der Bundeskanzlei festgelegt.
","
Art. 117
3 Er [der Bund] regelt in Zusammenarbeit mit den Kantonen, den Krankenversicherern und den Leistungserbringern die Kostenübernahme durch die obligatorische Krankenpflegeversicherung so, dass sich mit wirksamen Anreizen die Kosten entsprechend der schweizerischen Gesamtwirtschaft und den durchschnittlichen Löhnen entwickeln. Er führt dazu eine Kostenbremse ein.
4 Das Gesetz regelt die Einzelheiten.
Art. 197
12. Übergangsbestimmung zu Art. 117 Abs. 3 und 4 (Kranken- und Unfallversicherung)
Liegt die Steigerung der durchschnittlichen Kosten je versicherte Person und Jahr in der obligatorischen Krankenpflegeversicherung zwei Jahre nach Annahme von Artikel 117 Absätze 3 und 4 durch Volk und Stände mehr als ein Fünftel über der Entwicklung der Nominallöhne und haben die Krankenversicherer und die Leistungserbringer (Tarifpartner) bis zu diesem Zeitpunkt keine verbindlichen Massnahmen zur Kostendämpfung festgelegt, so ergreift der Bund in Zusammenarbeit mit den Kantonen Massnahmen zur Kostensenkung, die ab dem nachfolgenden Jahr wirksam werden.
"
Valid,"Die Bundesverfassung1 wird wie folgt geändert:
Art. 10 Abs. 2bis
2bis Eingriffe in die körperliche oder geistige Unversehrtheit einer Person bedürfen deren Zustimmung. Die betroffene Person darf aufgrund der Verweigerung der Zustimmung weder bestraft werden noch dürfen ihr soziale oder berufliche Nachteile erwachsen.
Art. 197 Ziff. 122
12. Übergangsbestimmung zu Art. 10 Abs. 2bis (Recht auf körperliche und geistige Unversehrtheit) Die Bundesversammlung erlässt die Ausführungsbestimmungen zu Artikel 10 Absatz 2bis spätestens ein Jahr nach dessen Annahme durch Volk und Stände. Treten die Ausführungsbestimmungen innerhalb dieser Frist nicht in Kraft, so erlässt der Bundesrat die Ausführungsbestimmungen in Form einer Verordnung und setzt sie auf diesen Zeitpunkt hin in Kraft. Die Verordnung gilt bis zum Inkrafttreten der von der Bundesversammlung erlassenen Ausführungsbestimmungen.
1 SR 101 2 Die engültige Ziffer dieser Übergangsbestimmung wird nach der Volksabstimmung von der Bundeskanzlei festgelegt.
","
Art. 10
2bis Eingriffe in die körperliche oder geistige Unversehrtheit einer Person bedürfen deren Zustimmung. Die betroffene Person darf aufgrund der Verweigerung der Zustimmung weder bestraft werden noch dürfen ihr soziale oder berufliche Nachteile erwachsen.
Art. 197
12. Übergangsbestimmung zu Art. 10 Abs. 2bis (Recht auf körperliche und geistige Unversehrtheit)
Die Bundesversammlung erlässt die Ausführungsbestimmungen zu Artikel 10 Absatz 2bis spätestens ein Jahr nach dessen Annahme durch Volk und Stände. Treten die Ausführungsbestimmungen innerhalb dieser Frist nicht in Kraft, so erlässt der Bundesrat die Ausführungsbestimmungen in Form einer Verordnung und setzt sie auf diesen Zeitpunkt hin in Kraft. Die Verordnung gilt bis zum Inkrafttreten der von der Bundesversammlung erlassenen Ausführungsbestimmungen.
"
Valid,"Die Bundesverfassung1 wird wie folgt geändert:
Art. 197 Ziff. 122 12. Übergangsbestimmung zu Art. 112 (Alters-, Hinterlassenen- und Invalidenversicherung)
1 Bezügerinnen und Bezüger einer Altersrente haben Anspruch auf einen jährlichen Zuschlag in der Höhe eines Zwölftels ihrer jährlichen Rente.
2 Der Anspruch auf den jährlichen Zuschlag entsteht spätestens mit Beginn des zweiten Kalenderjahres, das der Annahme dieser Bestimmung durch Volk und Stände folgt.
3 Das Gesetz stellt sicher, dass der jährliche Zuschlag weder zu einer Reduktion der Ergänzungsleistungen noch zum Verlust des Anspruchs auf diese Leistungen führt.
1 SR 101 2 Die endgültige Ziffer dieser Übergangsbestimmung wird nach der Volksabstimmung von der Bundeskanzlei festgelegt.
","
Art. 197
12. Übergangsbestimmung zu Art. 112 (Alters-, Hinterlassenen- und Invalidenversicherung)
1 Bezügerinnen und Bezüger einer Altersrente haben Anspruch auf einen jährlichen Zuschlag in der Höhe eines Zwölftels ihrer jährlichen Rente.
2 Der Anspruch auf den jährlichen Zuschlag entsteht spätestens mit Beginn des zweiten Kalenderjahres, das der Annahme dieser Bestimmung durch Volk und Stände folgt.
3 Das Gesetz stellt sicher, dass der jährliche Zuschlag weder zu einer Reduktion der Ergänzungsleistungen noch zum Verlust des Anspruchs auf diese Leistungen führt.
"
